(Intercept),timetime 2
0.88322503781768,0.133171422721042
0.133171422721042,0.451064898291582
