(Intercept),timetime 2
0.000398463334974885,-0.0000858985673653195
-0.0000858985673653195,0.000298729372271119
