(Intercept),timetime 2
1271.84441447159,-648.92595747786
-648.92595747786,1025.40613712151
