(Intercept),timetime 2
0.00302454318471145,-0.00111290514115081
-0.00111290514115081,0.00300227889539945
